{
  "title": {
    "primary_title": "//EXPRESSION_TITLE/VALUE",
    "alternative_title": "//EXPRESSION_TITLE_ALTERNATIVE/VALUE",
    "subtitle": "//EXPRESSION_SUBTITLE/VALUE",
    "work_title": "//WORK_TITLE/VALUE",
    "multilingual_titles": "//DOSSIER_TITLE[LANG]",
    "description": "Extract document titles with language support"
  },
  "language": {
    "available_languages": "//LANG",
    "title_languages": "//DOSSIER_TITLE/LANG | //EXPRESSION_TITLE/LANG",
    "content_languages": "//EXPRESSION/LANG | //VALUE[@lang] | //PREFLABEL[@lang]",
    "description": "Extract available languages for content"
  },
  "date": {
    "document_date": "//WORK_DATE_DOCUMENT/VALUE",
    "document_date_components": "//WORK_DATE_DOCUMENT/*[self::YEAR or self::MONTH or self::DAY]",
    "publication_date": "//DATE_PUBLICATION/VALUE",
    "signature_date": "//RESOURCE_LEGAL_DATE_SIGNATURE/VALUE",
    "entry_into_force": "//RESOURCE_LEGAL_DATE_ENTRY-INTO-FORCE/VALUE",
    "end_of_validity": "//RESOURCE_LEGAL_DATE_END-OF-VALIDITY/VALUE",
    "deadline": "//RESOURCE_LEGAL_DATE_DEADLINE/VALUE",
    "start_of_validity": "//START_OF_VALIDITY",
    "description": "Extract various dates with validity periods"
  },
  "eurovoc": {
    "concept": "//WORK_IS_ABOUT_CONCEPT_EUROVOC_CONCEPT/IDENTIFIER",
    "concept_label": "//WORK_IS_ABOUT_CONCEPT_EUROVOC_CONCEPT/PREFLABEL",
    "domain": "//WORK_IS_ABOUT_CONCEPT_EUROVOC_DOM/IDENTIFIER",
    "domain_label": "//WORK_IS_ABOUT_CONCEPT_EUROVOC_DOM/PREFLABEL",
    "microthesaurus": "//WORK_IS_ABOUT_CONCEPT_EUROVOC_MTH/IDENTIFIER",
    "microthesaurus_label": "//WORK_IS_ABOUT_CONCEPT_EUROVOC_MTH/PREFLABEL",
    "thesaurus_term": "//WORK_IS_ABOUT_CONCEPT_EUROVOC_TT/IDENTIFIER",
    "thesaurus_term_label": "//WORK_IS_ABOUT_CONCEPT_EUROVOC_TT/PREFLABEL",
    "description": "Extract Eurovoc concept classifications"
  },
  "celex": {
    "celex_id": "//ID_CELEX/VALUE | //SAMEAS[URI/TYPE='celex']/URI/IDENTIFIER",
    "celex_natural_number": "//RESOURCE_LEGAL_NUMBER_NATURAL_CELEX/VALUE",
    "celex_type": "//RESOURCE_LEGAL_TYPE/VALUE",
    "celex_year": "//RESOURCE_LEGAL_YEAR/VALUE",
    "celex_sector": "//ID_SECTOR/VALUE",
    "eli": "//ELI/VALUE | //RESOURCE_LEGAL_ELI/VALUE | //SAMEAS[URI/TYPE='eli']/URI/IDENTIFIER",
    "oj_reference": "//SAMEAS[URI/TYPE='oj']/URI/IDENTIFIER",
    "immc": "//SAMEAS[URI/TYPE='immc']/URI/IDENTIFIER",
    "description": "Extract all legal identifiers and references"
  },
  "case_law": {
    "interpreted_by": "//RESOURCE_LEGAL_INTERPRETED_BY_CASE-LAW/SAMEAS/URI/IDENTIFIER",
    "interpreted_by_celex": "//RESOURCE_LEGAL_INTERPRETED_BY_CASE-LAW/SAMEAS[URI/TYPE='celex']/URI/IDENTIFIER",
    "preliminary_question": "//RESOURCE_LEGAL_PRELIMINARY_QUESTION-SUBMITTED_BY_COMMUNICATION_CASE_NEW/SAMEAS/URI/IDENTIFIER",
    "preliminary_question_celex": "//RESOURCE_LEGAL_PRELIMINARY_QUESTION-SUBMITTED_BY_COMMUNICATION_CASE_NEW/SAMEAS[URI/TYPE='celex']/URI/IDENTIFIER",
    "interpreted_articles": "//RESOURCE_LEGAL_INTERPRETED_BY_CASE-LAW/ANNOTATION/REFERENCE_TO_MODIFIED_LOCATION",
    "preliminary_articles": "//RESOURCE_LEGAL_PRELIMINARY_QUESTION-SUBMITTED_BY_COMMUNICATION_CASE_NEW/ANNOTATION/REFERENCE_TO_MODIFIED_LOCATION",
    "case_annotations": "//RESOURCE_LEGAL_INTERPRETED_BY_CASE-LAW/ANNOTATION | //RESOURCE_LEGAL_PRELIMINARY_QUESTION-SUBMITTED_BY_COMMUNICATION_CASE_NEW/ANNOTATION",
    "description": "Extract case law references with parsed article citations"
  },
  "implementation": {
    "implemented_by": "//RESOURCE_LEGAL_IMPLEMENTED_BY_MEASURE_NATIONAL_IMPLEMENTING/URI/IDENTIFIER",
    "implementation_country": "//RESOURCE_LEGAL_IMPLEMENTED_BY_MEASURE_NATIONAL_IMPLEMENTING/ANNOTATION/COUNTRY",
    "transposition_deadline": "//RESOURCE_LEGAL_DATE_DEADLINE/VALUE",
    "national_measures": "//RESOURCE_LEGAL_IMPLEMENTED_BY_MEASURE_NATIONAL_IMPLEMENTING",
    "description": "Extract implementation and transposition information"
  },
  "legal_relations": {
    "based_on": "//BASED_ON/SAMEAS/URI/IDENTIFIER | //RESOURCE_LEGAL_BASED_ON_RESOURCE_LEGAL/SAMEAS/URI/IDENTIFIER",
    "legal_basis_treaty": "//RESOURCE_LEGAL_BASED_ON_CONCEPT_TREATY/PREFLABEL",
    "cites_work": "//WORK_CITES_WORK/SAMEAS/URI/IDENTIFIER",
    "amends": "//RESOURCE_LEGAL_AMENDS_RESOURCE_LEGAL/SAMEAS/URI/IDENTIFIER",
    "repeals": "//RESOURCE_LEGAL_REPEALS_RESOURCE_LEGAL/SAMEAS/URI/IDENTIFIER | //RESOURCE_LEGAL_DOES_REPEAL_OF_RESOURCE_LEGAL/SAMEAS/URI/IDENTIFIER",
    "consolidated_by": "//RESOURCE_LEGAL_CONSOLIDATED_BY_ACT_CONSOLIDATED/SAMEAS/URI/IDENTIFIER",
    "corrected_by": "//RESOURCE_LEGAL_CORRECTED_BY_RESOURCE_LEGAL/SAMEAS/URI/IDENTIFIER",
    "description": "Extract legal relationships and citations"
  },
  "metadata": {
    "document_type": "//RESOURCE_LEGAL_TYPE/VALUE",
    "in_force": "//RESOURCE_LEGAL_IN-FORCE/VALUE",
    "created_by": "//WORK_CREATED_BY_AGENT/PREFLABEL | //CREATED_BY/PREFLABEL",
    "responsible_agent": "//RESOURCE_LEGAL_RESPONSIBILITY_OF_AGENT/PREFLABEL",
    "subject_matter": "//RESOURCE_LEGAL_IS_ABOUT_SUBJECT-MATTER_1/PREFLABEL",
    "dossier_reference": "//WORK_PART_OF_DOSSIER/SAMEAS/URI/IDENTIFIER",
    "build_info": "//BUILD_INFO",
    "version": "//VERSION/VALUE",
    "last_modified": "//LASTMODIFICATIONDATE/VALUE",
    "description": "Extract additional document metadata"
  }
}