{
  "title": {
    "primary_title": "//EXPRESSION_TITLE/VALUE",
    "alternative_title": "//EXPRESSION_TITLE_ALTERNATIVE/VALUE",
    "subtitle": "//EXPRESSION_SUBTITLE/VALUE",
    "work_title": "//WORK_TITLE/VALUE",
    "description": "Extract the main title of the legislative document"
  },
  "date": {
    "document_date": "//WORK_DATE_DOCUMENT/VALUE",
    "document_date_year": "//WORK_DATE_DOCUMENT/YEAR",
    "document_date_month": "//WORK_DATE_DOCUMENT/MONTH",
    "document_date_day": "//WORK_DATE_DOCUMENT/DAY",
    "publication_date": "//RESOURCE_LEGAL_PUBLISHED_IN_OFFICIAL-JOURNAL/EMBEDDED_NOTICE/WORK/DATE_PUBLICATION/VALUE",
    "signature_date": "//RESOURCE_LEGAL_DATE_SIGNATURE/VALUE",
    "entry_into_force": "//RESOURCE_LEGAL_DATE_ENTRY-INTO-FORCE/VALUE",
    "end_of_validity": "//RESOURCE_LEGAL_DATE_END-OF-VALIDITY/VALUE",
    "description": "Extract various dates associated with the document"
  },
  "eurovoc": {
    "concept": "//WORK_IS_ABOUT_CONCEPT_EUROVOC/WORK_IS_ABOUT_CONCEPT_EUROVOC_CONCEPT/IDENTIFIER",
    "concept_label": "//WORK_IS_ABOUT_CONCEPT_EUROVOC/WORK_IS_ABOUT_CONCEPT_EUROVOC_CONCEPT/PREFLABEL",
    "domain": "//WORK_IS_ABOUT_CONCEPT_EUROVOC/WORK_IS_ABOUT_CONCEPT_EUROVOC_DOM/IDENTIFIER",
    "domain_label": "//WORK_IS_ABOUT_CONCEPT_EUROVOC/WORK_IS_ABOUT_CONCEPT_EUROVOC_DOM/PREFLABEL",
    "microthesaurus": "//WORK_IS_ABOUT_CONCEPT_EUROVOC/WORK_IS_ABOUT_CONCEPT_EUROVOC_MTH/IDENTIFIER",
    "microthesaurus_label": "//WORK_IS_ABOUT_CONCEPT_EUROVOC/WORK_IS_ABOUT_CONCEPT_EUROVOC_MTH/PREFLABEL",
    "thesaurus_term": "//WORK_IS_ABOUT_CONCEPT_EUROVOC/WORK_IS_ABOUT_CONCEPT_EUROVOC_TT/IDENTIFIER",
    "thesaurus_term_label": "//WORK_IS_ABOUT_CONCEPT_EUROVOC/WORK_IS_ABOUT_CONCEPT_EUROVOC_TT/PREFLABEL",
    "description": "Extract Eurovoc concept identifiers and labels"
  },
  "celex": {
    "celex_id": "//ID_CELEX/VALUE",
    "celex_natural_number": "//RESOURCE_LEGAL_NUMBER_NATURAL_CELEX/VALUE",
    "celex_type": "//RESOURCE_LEGAL_TYPE/VALUE",
    "celex_year": "//RESOURCE_LEGAL_YEAR/VALUE",
    "celex_sector": "//ID_SECTOR/VALUE",
    "celex_secondary": "//RESOURCE_LEGAL_ID_CELEX/VALUE",
    "eli": "//ELI/VALUE",
    "resource_legal_eli": "//RESOURCE_LEGAL_ELI/VALUE",
    "description": "Extract CELEX identifiers and related metadata"
  },
  "case_law": {
    "interpreted_by": "//RESOURCE_LEGAL_INTERPRETED_BY_CASE-LAW/SAMEAS/URI/IDENTIFIER",
    "interpreted_by_celex": "//RESOURCE_LEGAL_INTERPRETED_BY_CASE-LAW/SAMEAS[URI/TYPE='celex']/URI/IDENTIFIER",
    "preliminary_question": "//RESOURCE_LEGAL_PRELIMINARY_QUESTION-SUBMITTED_BY_COMMUNICATION_CASE_NEW/SAMEAS/URI/IDENTIFIER",
    "preliminary_question_celex": "//RESOURCE_LEGAL_PRELIMINARY_QUESTION-SUBMITTED_BY_COMMUNICATION_CASE_NEW/SAMEAS[URI/TYPE='celex']/URI/IDENTIFIER",
    "interpreted_articles": "//RESOURCE_LEGAL_INTERPRETED_BY_CASE-LAW/ANNOTATION/REFERENCE_TO_MODIFIED_LOCATION",
    "preliminary_articles": "//RESOURCE_LEGAL_PRELIMINARY_QUESTION-SUBMITTED_BY_COMMUNICATION_CASE_NEW/ANNOTATION/REFERENCE_TO_MODIFIED_LOCATION",
    "confirmed_by": "//CASE-LAW_CONFIRMS_RESOURCE_LEGAL/SAMEAS/URI/IDENTIFIER",
    "declared_valid_by": "//CASE-LAW_DECLARES_VALID_RESOURCE_LEGAL/SAMEAS/URI/IDENTIFIER",
    "declared_void_by": "//CASE-LAW_DECLARES_VOID_RESOURCE_LEGAL/SAMEAS/URI/IDENTIFIER",
    "amended_by": "//CASE-LAW_AMENDS_RESOURCE_LEGAL/SAMEAS/URI/IDENTIFIER",
    "annulment_requested": "//CASE-LAW_REQUESTS_ANNULMENT_OF_RESOURCE_LEGAL/SAMEAS/URI/IDENTIFIER",
    "description": "Extract case law references and article citations"
  }
}